,File Path,Label,Frame Count,Width,Height,Codec,File Size(MB)
0,FaceShifter/000_003.mp4,FAKE,396,640,480,h264,0.85
1,FaceShifter/001_870.mp4,FAKE,460,1280,720,h264,2.75
2,FaceShifter/002_006.mp4,FAKE,693,1280,720,h264,2.1
3,FaceShifter/003_000.mp4,FAKE,303,640,480,h264,0.57
4,FaceShifter/004_982.mp4,FAKE,309,1280,720,h264,1.21
5,FaceShifter/005_010.mp4,FAKE,385,720,480,h264,1.5
6,FaceShifter/006_002.mp4,FAKE,310,1280,720,h264,0.85
7,FaceShifter/007_132.mp4,FAKE,505,600,480,h264,1.01
8,FaceShifter/008_990.mp4,FAKE,637,640,480,h264,0.97
9,FaceShifter/009_027.mp4,FAKE,588,640,480,h264,0.72
10,FaceShifter/010_005.mp4,FAKE,474,640,480,h264,1.4
11,FaceShifter/011_805.mp4,FAKE,632,1280,720,h264,3.55
12,FaceShifter/012_026.mp4,FAKE,363,640,480,h264,0.67
13,FaceShifter/013_883.mp4,FAKE,332,640,480,h264,0.6
14,FaceShifter/014_790.mp4,FAKE,676,640,480,h264,3.31
15,FaceShifter/015_919.mp4,FAKE,437,640,480,h264,0.83
16,FaceShifter/016_209.mp4,FAKE,678,640,480,h264,1.47
17,FaceShifter/017_803.mp4,FAKE,398,1280,720,h264,1.65
18,FaceShifter/018_019.mp4,FAKE,432,640,480,h264,0.39
19,FaceShifter/019_018.mp4,FAKE,1385,640,480,h264,2.28
20,FaceShifter/020_344.mp4,FAKE,390,1280,720,h264,1.78
21,FaceShifter/021_312.mp4,FAKE,431,654,480,h264,0.48
22,FaceShifter/022_489.mp4,FAKE,325,1280,720,h264,1.17
23,FaceShifter/023_923.mp4,FAKE,553,640,480,h264,1.72
24,FaceShifter/024_073.mp4,FAKE,306,640,480,h264,0.51
25,FaceShifter/025_067.mp4,FAKE,747,1440,1080,h264,3.25
26,FaceShifter/026_012.mp4,FAKE,322,640,480,h264,0.48
27,FaceShifter/027_009.mp4,FAKE,315,640,480,h264,0.85
28,FaceShifter/028_068.mp4,FAKE,434,848,480,h264,0.82
29,FaceShifter/029_048.mp4,FAKE,416,586,480,h264,0.46
30,FaceShifter/030_193.mp4,FAKE,297,1920,1080,h264,3.65
31,FaceShifter/031_163.mp4,FAKE,482,1280,720,h264,1.53
32,FaceShifter/032_944.mp4,FAKE,310,1280,720,h264,1.67
33,FaceShifter/033_097.mp4,FAKE,809,854,480,h264,1.77
34,FaceShifter/034_590.mp4,FAKE,407,960,720,h264,1.18
35,FaceShifter/035_036.mp4,FAKE,423,640,480,h264,0.55
36,FaceShifter/036_035.mp4,FAKE,337,640,480,h264,0.92
37,FaceShifter/037_072.mp4,FAKE,454,656,480,h264,0.74
38,FaceShifter/038_125.mp4,FAKE,305,854,480,h264,0.55
39,FaceShifter/039_058.mp4,FAKE,609,654,480,h264,1.05
40,FaceShifter/040_997.mp4,FAKE,548,1280,720,h264,2.8
41,FaceShifter/041_063.mp4,FAKE,349,656,480,h264,0.67
42,FaceShifter/042_084.mp4,FAKE,338,640,480,h264,1.14
43,FaceShifter/043_110.mp4,FAKE,495,1280,720,h264,1.56
44,FaceShifter/044_945.mp4,FAKE,335,1280,720,h264,1.79
45,FaceShifter/045_889.mp4,FAKE,350,1920,1080,h264,4.74
46,FaceShifter/046_904.mp4,FAKE,504,1280,720,h264,2.21
47,FaceShifter/047_862.mp4,FAKE,319,854,480,h264,0.5
48,FaceShifter/048_029.mp4,FAKE,485,640,480,h264,1.11
49,FaceShifter/049_946.mp4,FAKE,360,640,480,h264,0.45
50,FaceShifter/050_059.mp4,FAKE,530,640,480,h264,0.58
51,FaceShifter/051_332.mp4,FAKE,717,1280,720,h264,2.5
52,FaceShifter/052_108.mp4,FAKE,323,1920,1080,h264,2.99
53,FaceShifter/053_095.mp4,FAKE,417,656,480,h264,0.6
54,FaceShifter/054_071.mp4,FAKE,368,640,480,h264,0.69
55,FaceShifter/055_147.mp4,FAKE,394,640,480,h264,0.56
56,FaceShifter/056_996.mp4,FAKE,373,1280,720,h264,1.11
57,FaceShifter/057_070.mp4,FAKE,431,656,480,h264,1.24
58,FaceShifter/058_039.mp4,FAKE,669,720,480,h264,1.14
59,FaceShifter/059_050.mp4,FAKE,721,640,480,h264,1.49
60,FaceShifter/060_088.mp4,FAKE,844,600,480,h264,4.06
61,FaceShifter/061_080.mp4,FAKE,337,654,480,h264,0.69
62,FaceShifter/062_066.mp4,FAKE,423,640,480,h264,0.64
63,FaceShifter/063_041.mp4,FAKE,930,640,480,h264,2.01
64,FaceShifter/064_991.mp4,FAKE,402,640,480,h264,0.86
65,FaceShifter/065_089.mp4,FAKE,442,1280,720,h264,3.33
66,FaceShifter/066_062.mp4,FAKE,435,720,480,h264,1.49
67,FaceShifter/067_025.mp4,FAKE,538,1280,720,h264,2.09
68,FaceShifter/068_028.mp4,FAKE,401,640,480,h264,0.75
69,FaceShifter/069_961.mp4,FAKE,774,1280,720,h264,4.48
70,FaceShifter/070_057.mp4,FAKE,367,640,480,h264,0.8
71,FaceShifter/071_054.mp4,FAKE,453,654,480,h264,1.32
72,FaceShifter/072_037.mp4,FAKE,311,656,480,h264,0.83
73,FaceShifter/073_024.mp4,FAKE,703,1280,720,h264,2.73
74,FaceShifter/074_825.mp4,FAKE,345,1920,1080,h264,2.84
75,FaceShifter/075_977.mp4,FAKE,613,1280,720,h264,3.12
76,FaceShifter/076_079.mp4,FAKE,329,1280,720,h264,1.26
77,FaceShifter/077_100.mp4,FAKE,611,640,480,h264,0.86
78,FaceShifter/078_955.mp4,FAKE,523,1280,720,h264,2.21
79,FaceShifter/079_076.mp4,FAKE,424,1280,720,h264,1.68
80,FaceShifter/080_061.mp4,FAKE,483,656,480,h264,0.54
81,FaceShifter/081_087.mp4,FAKE,1170,600,480,h264,2.16
82,FaceShifter/082_103.mp4,FAKE,316,640,480,h264,0.6
83,FaceShifter/083_213.mp4,FAKE,545,1920,1080,h264,5.22
84,FaceShifter/084_042.mp4,FAKE,375,1920,1080,h264,4.6
85,FaceShifter/085_124.mp4,FAKE,329,640,480,h264,1.77
86,FaceShifter/086_090.mp4,FAKE,935,1280,720,h264,2.63
87,FaceShifter/087_081.mp4,FAKE,309,640,480,h264,0.37
88,FaceShifter/088_060.mp4,FAKE,665,640,480,h264,2.06
89,FaceShifter/089_065.mp4,FAKE,751,1280,720,h264,3.09
90,FaceShifter/090_086.mp4,FAKE,687,1280,720,h264,4.47
91,FaceShifter/091_116.mp4,FAKE,639,658,480,h264,1.53
92,FaceShifter/092_098.mp4,FAKE,460,720,480,h264,0.95
93,FaceShifter/093_121.mp4,FAKE,308,1280,720,h264,2.3
94,FaceShifter/094_111.mp4,FAKE,559,1280,720,h264,2.45
95,FaceShifter/095_053.mp4,FAKE,1006,640,480,h264,2.07
96,FaceShifter/096_101.mp4,FAKE,504,1920,1080,h264,5.05
97,FaceShifter/097_033.mp4,FAKE,478,640,480,h264,0.97
98,FaceShifter/098_092.mp4,FAKE,299,656,480,h264,0.39
99,FaceShifter/099_295.mp4,FAKE,613,1920,1080,h264,10.12
100,FaceShifter/100_077.mp4,FAKE,423,640,480,h264,0.86
101,FaceShifter/101_096.mp4,FAKE,1148,854,480,h264,2.25
102,FaceShifter/102_114.mp4,FAKE,389,720,480,h264,0.95
103,FaceShifter/103_082.mp4,FAKE,595,656,480,h264,1.7
104,FaceShifter/104_126.mp4,FAKE,462,640,480,h264,1.22
105,FaceShifter/105_180.mp4,FAKE,300,640,480,h264,1.11
106,FaceShifter/106_198.mp4,FAKE,356,854,480,h264,0.47
107,FaceShifter/107_109.mp4,FAKE,556,640,480,h264,1.07
108,FaceShifter/108_052.mp4,FAKE,300,1440,1080,h264,3.7
109,FaceShifter/109_107.mp4,FAKE,298,640,480,h264,0.96
110,FaceShifter/110_043.mp4,FAKE,565,960,720,h264,1.22
111,FaceShifter/111_094.mp4,FAKE,433,640,480,h264,0.87
112,FaceShifter/112_892.mp4,FAKE,418,1920,1080,h264,6.06
113,FaceShifter/113_983.mp4,FAKE,841,1280,720,h264,4.05
114,FaceShifter/114_102.mp4,FAKE,1269,640,480,h264,2.53
115,FaceShifter/115_939.mp4,FAKE,320,1280,720,h264,1.3
116,FaceShifter/116_091.mp4,FAKE,327,640,480,h264,0.64
117,FaceShifter/117_217.mp4,FAKE,548,1280,720,h264,3.86
118,FaceShifter/118_120.mp4,FAKE,352,852,480,h264,0.94
119,FaceShifter/119_123.mp4,FAKE,502,640,480,h264,0.8
120,FaceShifter/120_118.mp4,FAKE,405,640,480,h264,1.05
121,FaceShifter/121_093.mp4,FAKE,553,1920,1080,h264,4.3
122,FaceShifter/122_144.mp4,FAKE,309,1264,720,h264,1.68
123,FaceShifter/123_119.mp4,FAKE,514,640,480,h264,1.13
124,FaceShifter/124_085.mp4,FAKE,318,600,480,h264,0.67
125,FaceShifter/125_038.mp4,FAKE,500,1280,720,h264,2.33
126,FaceShifter/126_104.mp4,FAKE,328,640,480,h264,0.67
127,FaceShifter/127_129.mp4,FAKE,864,1280,720,h264,2.94
128,FaceShifter/128_896.mp4,FAKE,735,640,480,h264,1.23
129,FaceShifter/129_127.mp4,FAKE,330,1280,720,h264,1.65
130,FaceShifter/130_139.mp4,FAKE,662,656,480,h264,2.13
131,FaceShifter/131_518.mp4,FAKE,306,600,480,h264,0.54
132,FaceShifter/132_007.mp4,FAKE,413,640,480,h264,0.38
133,FaceShifter/133_148.mp4,FAKE,767,720,480,h264,1.07
134,FaceShifter/134_192.mp4,FAKE,346,1280,720,h264,1.95
135,FaceShifter/135_880.mp4,FAKE,327,1280,720,h264,1.25
136,FaceShifter/136_285.mp4,FAKE,611,1280,720,h264,3.54
137,FaceShifter/137_165.mp4,FAKE,606,720,480,h264,2.07
138,FaceShifter/138_142.mp4,FAKE,410,600,480,h264,0.42
139,FaceShifter/139_130.mp4,FAKE,378,600,480,h264,0.53
140,FaceShifter/140_143.mp4,FAKE,485,640,480,h264,2.22
141,FaceShifter/141_161.mp4,FAKE,508,854,480,h264,1.16
142,FaceShifter/142_138.mp4,FAKE,962,600,480,h264,1.33
143,FaceShifter/143_140.mp4,FAKE,414,640,480,h264,0.66
144,FaceShifter/144_122.mp4,FAKE,344,1280,720,h264,1.19
145,FaceShifter/145_299.mp4,FAKE,475,600,480,h264,0.55
146,FaceShifter/146_256.mp4,FAKE,1003,1280,720,h264,6.53
147,FaceShifter/147_055.mp4,FAKE,667,600,480,h264,1.27
148,FaceShifter/148_133.mp4,FAKE,475,640,480,h264,0.72
149,FaceShifter/149_152.mp4,FAKE,363,854,480,h264,0.85
150,FaceShifter/150_153.mp4,FAKE,456,854,480,h264,0.56
151,FaceShifter/151_225.mp4,FAKE,347,1280,720,h264,2.03
152,FaceShifter/152_149.mp4,FAKE,313,656,480,h264,0.67
153,FaceShifter/153_150.mp4,FAKE,732,640,480,h264,2.02
154,FaceShifter/154_386.mp4,FAKE,594,1280,720,h264,2.9
155,FaceShifter/155_576.mp4,FAKE,829,854,480,h264,1.98
156,FaceShifter/156_243.mp4,FAKE,518,640,480,h264,1.12
157,FaceShifter/157_245.mp4,FAKE,486,656,480,h264,0.7
158,FaceShifter/158_379.mp4,FAKE,444,640,480,h264,0.74
159,FaceShifter/159_175.mp4,FAKE,325,600,480,h264,0.91
160,FaceShifter/160_928.mp4,FAKE,534,1280,720,h264,2.24
161,FaceShifter/161_141.mp4,FAKE,369,640,480,h264,0.62
162,FaceShifter/162_330.mp4,FAKE,685,1280,720,h264,2.87
163,FaceShifter/163_031.mp4,FAKE,304,1280,720,h264,0.84
164,FaceShifter/164_216.mp4,FAKE,1021,854,480,h264,2.62
165,FaceShifter/165_137.mp4,FAKE,387,656,480,h264,0.66
166,FaceShifter/166_167.mp4,FAKE,756,640,480,h264,1.19
167,FaceShifter/167_166.mp4,FAKE,341,854,480,h264,0.81
168,FaceShifter/168_222.mp4,FAKE,1228,640,480,h264,1.53
169,FaceShifter/169_227.mp4,FAKE,649,640,480,h264,0.88
170,FaceShifter/170_186.mp4,FAKE,504,1920,1080,h264,4.41
171,FaceShifter/171_173.mp4,FAKE,541,1280,720,h264,2.62
172,FaceShifter/172_582.mp4,FAKE,752,640,480,h264,1.1
173,FaceShifter/173_171.mp4,FAKE,721,1280,720,h264,4.1
174,FaceShifter/174_964.mp4,FAKE,414,1280,720,h264,0.71
175,FaceShifter/175_159.mp4,FAKE,504,640,480,h264,1.11
176,FaceShifter/176_190.mp4,FAKE,376,1920,1080,h264,4.57
177,FaceShifter/177_211.mp4,FAKE,410,854,480,h264,1.15
178,FaceShifter/178_598.mp4,FAKE,521,640,480,h264,0.51
179,FaceShifter/179_212.mp4,FAKE,1260,640,480,h264,1.76
180,FaceShifter/180_105.mp4,FAKE,569,640,480,h264,1.25
181,FaceShifter/181_199.mp4,FAKE,478,640,480,h264,0.68
182,FaceShifter/182_242.mp4,FAKE,620,1280,720,h264,2.17
183,FaceShifter/183_253.mp4,FAKE,390,1280,720,h264,1.35
184,FaceShifter/184_205.mp4,FAKE,1254,1280,720,h264,1.83
185,FaceShifter/185_276.mp4,FAKE,875,854,480,h264,2.23
186,FaceShifter/186_170.mp4,FAKE,334,1920,1080,h264,4.91
187,FaceShifter/187_234.mp4,FAKE,986,1280,720,h264,5.72
188,FaceShifter/188_191.mp4,FAKE,310,1280,720,h264,1.33
189,FaceShifter/189_200.mp4,FAKE,512,640,480,h264,1.56
190,FaceShifter/190_176.mp4,FAKE,331,1920,1080,h264,2.81
191,FaceShifter/191_188.mp4,FAKE,372,1920,1080,h264,3.79
192,FaceShifter/192_134.mp4,FAKE,287,1280,720,h264,0.91
193,FaceShifter/193_030.mp4,FAKE,372,1920,1080,h264,4.68
194,FaceShifter/194_235.mp4,FAKE,567,640,480,h264,0.94
195,FaceShifter/195_442.mp4,FAKE,333,1280,720,h264,1.23
196,FaceShifter/196_310.mp4,FAKE,426,656,480,h264,0.59
197,FaceShifter/197_224.mp4,FAKE,880,640,480,h264,1.53
198,FaceShifter/198_106.mp4,FAKE,392,720,480,h264,0.61
199,FaceShifter/199_181.mp4,FAKE,368,1280,720,h264,1.14
200,FaceShifter/200_189.mp4,FAKE,719,854,480,h264,2.59
201,FaceShifter/201_203.mp4,FAKE,863,656,480,h264,1.8
202,FaceShifter/202_348.mp4,FAKE,323,854,480,h264,0.66
203,FaceShifter/203_201.mp4,FAKE,446,640,480,h264,1.32
204,FaceShifter/204_230.mp4,FAKE,515,960,720,h264,1.98
205,FaceShifter/205_184.mp4,FAKE,307,854,480,h264,0.86
206,FaceShifter/206_221.mp4,FAKE,714,656,480,h264,0.71
207,FaceShifter/207_908.mp4,FAKE,346,1920,1080,h264,3.08
208,FaceShifter/208_215.mp4,FAKE,465,640,480,h264,1.11
209,FaceShifter/209_016.mp4,FAKE,337,854,480,h264,1.22
210,FaceShifter/210_241.mp4,FAKE,839,654,480,h264,1.78
211,FaceShifter/211_177.mp4,FAKE,527,1280,720,h264,2.57
212,FaceShifter/212_179.mp4,FAKE,415,854,480,h264,0.66
213,FaceShifter/213_083.mp4,FAKE,378,1280,720,h264,1.88
214,FaceShifter/214_255.mp4,FAKE,462,854,480,h264,1.36
215,FaceShifter/215_208.mp4,FAKE,588,720,480,h264,1.01
216,FaceShifter/216_164.mp4,FAKE,476,644,480,h264,0.99
217,FaceShifter/217_117.mp4,FAKE,702,1920,1080,h264,7.18
218,FaceShifter/218_239.mp4,FAKE,353,640,480,h264,0.43
219,FaceShifter/219_220.mp4,FAKE,350,1280,720,h264,2.02
220,FaceShifter/220_219.mp4,FAKE,357,720,480,h264,0.74
221,FaceShifter/221_206.mp4,FAKE,718,1280,720,h264,2.66
222,FaceShifter/222_168.mp4,FAKE,407,640,480,h264,0.83
223,FaceShifter/223_586.mp4,FAKE,336,1920,1080,h264,1.84
224,FaceShifter/224_197.mp4,FAKE,488,640,480,h264,1.8
225,FaceShifter/225_151.mp4,FAKE,304,1280,720,h264,1.14
226,FaceShifter/226_491.mp4,FAKE,328,1280,720,h264,1.25
227,FaceShifter/227_169.mp4,FAKE,441,1280,720,h264,1.39
228,FaceShifter/228_289.mp4,FAKE,556,854,480,h264,0.74
229,FaceShifter/229_247.mp4,FAKE,392,854,480,h264,0.68
230,FaceShifter/230_204.mp4,FAKE,372,1280,720,h264,1.44
231,FaceShifter/231_663.mp4,FAKE,573,720,480,h264,0.95
232,FaceShifter/232_248.mp4,FAKE,574,720,480,h264,1.49
233,FaceShifter/233_995.mp4,FAKE,675,1280,720,h264,2.62
234,FaceShifter/234_187.mp4,FAKE,528,1280,720,h264,1.48
235,FaceShifter/235_194.mp4,FAKE,312,854,480,h264,1.32
236,FaceShifter/236_237.mp4,FAKE,651,656,480,h264,1.4
237,FaceShifter/237_236.mp4,FAKE,757,1280,720,h264,3.07
238,FaceShifter/238_282.mp4,FAKE,622,640,480,h264,0.85
239,FaceShifter/239_218.mp4,FAKE,588,640,480,h264,1.44
240,FaceShifter/240_290.mp4,FAKE,1274,720,480,h264,2.25
241,FaceShifter/241_210.mp4,FAKE,292,854,480,h264,0.59
242,FaceShifter/242_182.mp4,FAKE,331,640,480,h264,0.51
243,FaceShifter/243_156.mp4,FAKE,387,1280,720,h264,2.24
244,FaceShifter/244_822.mp4,FAKE,557,1920,1080,h264,4.64
245,FaceShifter/245_157.mp4,FAKE,334,640,480,h264,0.66
246,FaceShifter/246_258.mp4,FAKE,496,1280,720,h264,1.83
247,FaceShifter/247_229.mp4,FAKE,399,656,480,h264,1.19
248,FaceShifter/248_232.mp4,FAKE,496,1280,720,h264,2.13
249,FaceShifter/249_280.mp4,FAKE,632,854,480,h264,1.54
250,FaceShifter/250_461.mp4,FAKE,564,1280,720,h264,2.51
251,FaceShifter/251_375.mp4,FAKE,346,1920,1080,h264,2.47
252,FaceShifter/252_266.mp4,FAKE,572,800,480,h264,1.68
253,FaceShifter/253_183.mp4,FAKE,501,1280,720,h264,1.62
254,FaceShifter/254_261.mp4,FAKE,427,1280,720,h264,1.3
255,FaceShifter/255_214.mp4,FAKE,470,1280,720,h264,1.89
256,FaceShifter/256_146.mp4,FAKE,546,1280,720,h264,2.41
257,FaceShifter/257_420.mp4,FAKE,763,656,480,h264,2.19
258,FaceShifter/258_246.mp4,FAKE,498,1280,720,h264,3.13
259,FaceShifter/259_345.mp4,FAKE,444,640,480,h264,1.08
260,FaceShifter/260_331.mp4,FAKE,302,640,480,h264,0.46
261,FaceShifter/261_254.mp4,FAKE,677,600,480,h264,0.69
262,FaceShifter/262_301.mp4,FAKE,397,600,480,h264,0.69
263,FaceShifter/263_284.mp4,FAKE,300,1280,720,h264,1.55
264,FaceShifter/264_271.mp4,FAKE,455,854,480,h264,0.61
265,FaceShifter/265_475.mp4,FAKE,552,1920,1080,h264,6.3
266,FaceShifter/266_252.mp4,FAKE,465,720,480,h264,1.34
267,FaceShifter/267_286.mp4,FAKE,306,1280,720,h264,1.66
268,FaceShifter/268_269.mp4,FAKE,1465,654,480,h264,3.61
269,FaceShifter/269_268.mp4,FAKE,387,640,480,h264,0.71
270,FaceShifter/270_297.mp4,FAKE,311,656,480,h264,0.79
271,FaceShifter/271_264.mp4,FAKE,490,640,480,h264,1.32
272,FaceShifter/272_396.mp4,FAKE,323,1280,720,h264,1.5
273,FaceShifter/273_807.mp4,FAKE,322,1280,720,h264,0.94
274,FaceShifter/274_412.mp4,FAKE,474,1280,720,h264,2.29
275,FaceShifter/275_887.mp4,FAKE,424,640,480,h264,0.94
276,FaceShifter/276_185.mp4,FAKE,331,656,480,h264,0.82
277,FaceShifter/277_335.mp4,FAKE,966,1280,720,h264,3.22
278,FaceShifter/278_306.mp4,FAKE,449,640,480,h264,0.67
279,FaceShifter/279_298.mp4,FAKE,906,640,480,h264,2.43
280,FaceShifter/280_249.mp4,FAKE,606,854,480,h264,1.0
281,FaceShifter/281_474.mp4,FAKE,309,1280,720,h264,0.84
282,FaceShifter/282_238.mp4,FAKE,594,854,480,h264,1.19
283,FaceShifter/283_313.mp4,FAKE,966,640,480,h264,1.32
284,FaceShifter/284_263.mp4,FAKE,483,1920,1080,h264,4.73
285,FaceShifter/285_136.mp4,FAKE,383,1280,720,h264,1.41
286,FaceShifter/286_267.mp4,FAKE,668,1280,720,h264,2.41
287,FaceShifter/287_426.mp4,FAKE,475,1280,720,h264,3.2
288,FaceShifter/288_321.mp4,FAKE,543,640,480,h264,0.71
289,FaceShifter/289_228.mp4,FAKE,597,720,480,h264,1.12
290,FaceShifter/290_240.mp4,FAKE,422,640,480,h264,1.06
291,FaceShifter/291_874.mp4,FAKE,330,1920,1080,h264,2.7
292,FaceShifter/292_294.mp4,FAKE,425,1280,720,h264,2.31
293,FaceShifter/293_296.mp4,FAKE,758,656,480,h264,1.87
294,FaceShifter/294_292.mp4,FAKE,604,1280,720,h264,3.42
295,FaceShifter/295_099.mp4,FAKE,411,1920,1080,h264,3.77
296,FaceShifter/296_293.mp4,FAKE,336,640,480,h264,0.62
297,FaceShifter/297_270.mp4,FAKE,390,656,480,h264,0.47
298,FaceShifter/298_279.mp4,FAKE,569,640,480,h264,1.11
299,FaceShifter/299_145.mp4,FAKE,314,640,480,h264,0.87
300,FaceShifter/300_304.mp4,FAKE,598,600,480,h264,0.89
301,FaceShifter/301_262.mp4,FAKE,763,640,480,h264,1.23
302,FaceShifter/302_323.mp4,FAKE,875,854,480,h264,1.51
303,FaceShifter/303_309.mp4,FAKE,571,656,480,h264,1.74
304,FaceShifter/304_300.mp4,FAKE,610,640,480,h264,0.91
305,FaceShifter/305_513.mp4,FAKE,843,1280,720,h264,3.16
306,FaceShifter/306_278.mp4,FAKE,728,600,480,h264,0.93
307,FaceShifter/307_365.mp4,FAKE,378,640,480,h264,0.58
308,FaceShifter/308_388.mp4,FAKE,502,1280,720,h264,1.36
309,FaceShifter/309_303.mp4,FAKE,850,600,480,h264,1.65
310,FaceShifter/310_196.mp4,FAKE,375,1280,720,h264,2.1
311,FaceShifter/311_387.mp4,FAKE,368,960,720,h264,1.2
312,FaceShifter/312_021.mp4,FAKE,428,640,480,h264,1.09
313,FaceShifter/313_283.mp4,FAKE,481,654,480,h264,0.71
314,FaceShifter/314_347.mp4,FAKE,413,1280,720,h264,0.88
315,FaceShifter/315_322.mp4,FAKE,304,854,480,h264,0.65
316,FaceShifter/316_369.mp4,FAKE,566,640,480,h264,0.67
317,FaceShifter/317_359.mp4,FAKE,682,640,480,h264,1.0
318,FaceShifter/318_334.mp4,FAKE,475,656,480,h264,0.85
319,FaceShifter/319_352.mp4,FAKE,717,854,480,h264,1.37
320,FaceShifter/320_328.mp4,FAKE,504,1280,720,h264,2.81
321,FaceShifter/321_288.mp4,FAKE,567,640,480,h264,1.16
322,FaceShifter/322_315.mp4,FAKE,313,1280,720,h264,1.11
323,FaceShifter/323_302.mp4,FAKE,456,656,480,h264,1.2
324,FaceShifter/324_356.mp4,FAKE,1249,640,480,h264,2.44
325,FaceShifter/325_492.mp4,FAKE,1421,1280,720,h264,9.27
326,FaceShifter/326_501.mp4,FAKE,914,640,480,h264,1.49
327,FaceShifter/327_329.mp4,FAKE,495,640,480,h264,0.58
328,FaceShifter/328_320.mp4,FAKE,319,1280,720,h264,1.6
329,FaceShifter/329_327.mp4,FAKE,415,654,480,h264,0.45
330,FaceShifter/330_162.mp4,FAKE,407,1280,720,h264,1.84
331,FaceShifter/331_260.mp4,FAKE,469,1280,720,h264,1.44
332,FaceShifter/332_051.mp4,FAKE,695,1280,720,h264,5.42
333,FaceShifter/333_377.mp4,FAKE,429,640,480,h264,1.04
334,FaceShifter/334_318.mp4,FAKE,1339,600,480,h264,2.95
335,FaceShifter/335_277.mp4,FAKE,384,1280,720,h264,1.51
336,FaceShifter/336_338.mp4,FAKE,507,656,480,h264,0.81
337,FaceShifter/337_522.mp4,FAKE,331,640,480,h264,0.81
338,FaceShifter/338_336.mp4,FAKE,889,600,480,h264,1.73
339,FaceShifter/339_392.mp4,FAKE,457,640,480,h264,0.55
340,FaceShifter/340_341.mp4,FAKE,293,1920,1080,h264,2.46
341,FaceShifter/341_340.mp4,FAKE,827,960,720,h264,6.19
342,FaceShifter/342_416.mp4,FAKE,302,1280,720,h264,1.22
343,FaceShifter/343_363.mp4,FAKE,299,656,480,h264,0.38
344,FaceShifter/344_020.mp4,FAKE,631,1280,720,h264,2.93
345,FaceShifter/345_259.mp4,FAKE,423,854,480,h264,0.84
346,FaceShifter/346_351.mp4,FAKE,615,454,480,h264,0.68
347,FaceShifter/347_314.mp4,FAKE,458,854,480,h264,0.69
348,FaceShifter/348_202.mp4,FAKE,414,854,480,h264,0.51
349,FaceShifter/349_350.mp4,FAKE,471,1280,720,h264,1.61
350,FaceShifter/350_349.mp4,FAKE,405,854,480,h264,1.03
351,FaceShifter/351_346.mp4,FAKE,684,640,480,h264,0.98
352,FaceShifter/352_319.mp4,FAKE,421,720,480,h264,1.32
353,FaceShifter/353_383.mp4,FAKE,358,1280,720,h264,1.61
354,FaceShifter/354_362.mp4,FAKE,460,1280,720,h264,1.9
355,FaceShifter/355_748.mp4,FAKE,499,1920,1080,h264,5.41
356,FaceShifter/356_324.mp4,FAKE,558,1280,720,h264,2.94
357,FaceShifter/357_432.mp4,FAKE,346,854,480,h264,0.52
358,FaceShifter/358_380.mp4,FAKE,534,640,480,h264,0.72
359,FaceShifter/359_317.mp4,FAKE,456,640,480,h264,0.81
360,FaceShifter/360_437.mp4,FAKE,385,1280,720,h264,2.19
361,FaceShifter/361_448.mp4,FAKE,455,1280,720,h264,3.12
362,FaceShifter/362_354.mp4,FAKE,455,1280,720,h264,1.84
363,FaceShifter/363_343.mp4,FAKE,473,640,480,h264,0.93
364,FaceShifter/364_440.mp4,FAKE,648,854,480,h264,2.04
365,FaceShifter/365_307.mp4,FAKE,369,640,480,h264,0.38
366,FaceShifter/366_473.mp4,FAKE,404,656,480,h264,0.85
367,FaceShifter/367_371.mp4,FAKE,649,640,480,h264,0.94
368,FaceShifter/368_378.mp4,FAKE,761,640,480,h264,1.21
369,FaceShifter/369_316.mp4,FAKE,320,854,480,h264,0.67
370,FaceShifter/370_483.mp4,FAKE,396,1920,1080,h264,3.74
371,FaceShifter/371_367.mp4,FAKE,718,600,480,h264,1.48
372,FaceShifter/372_413.mp4,FAKE,486,854,480,h264,1.03
373,FaceShifter/373_394.mp4,FAKE,602,1280,720,h264,2.99
374,FaceShifter/374_407.mp4,FAKE,586,1280,720,h264,1.61
375,FaceShifter/375_251.mp4,FAKE,353,1280,720,h264,1.78
376,FaceShifter/376_381.mp4,FAKE,515,1280,720,h264,1.73
377,FaceShifter/377_333.mp4,FAKE,398,640,480,h264,0.7
378,FaceShifter/378_368.mp4,FAKE,761,1280,720,h264,3.85
379,FaceShifter/379_158.mp4,FAKE,341,640,480,h264,0.94
380,FaceShifter/380_358.mp4,FAKE,455,640,480,h264,0.58
381,FaceShifter/381_376.mp4,FAKE,578,656,480,h264,1.53
382,FaceShifter/382_409.mp4,FAKE,313,640,480,h264,0.69
383,FaceShifter/383_353.mp4,FAKE,465,1920,1080,h264,2.83
384,FaceShifter/384_932.mp4,FAKE,462,1920,1080,h264,3.36
385,FaceShifter/385_414.mp4,FAKE,349,1280,720,h264,1.72
386,FaceShifter/386_154.mp4,FAKE,449,1920,1080,h264,3.9
387,FaceShifter/387_311.mp4,FAKE,528,1280,720,h264,1.24
388,FaceShifter/388_308.mp4,FAKE,636,640,480,h264,1.0
389,FaceShifter/389_480.mp4,FAKE,314,1920,1080,h264,2.91
390,FaceShifter/390_709.mp4,FAKE,809,1280,720,h264,5.62
391,FaceShifter/391_406.mp4,FAKE,547,640,480,h264,0.67
392,FaceShifter/392_339.mp4,FAKE,1496,1280,720,h264,7.05
393,FaceShifter/393_405.mp4,FAKE,579,640,480,h264,1.11
394,FaceShifter/394_373.mp4,FAKE,420,1280,720,h264,1.57
395,FaceShifter/395_401.mp4,FAKE,448,1280,720,h264,1.21
396,FaceShifter/396_272.mp4,FAKE,525,1280,720,h264,1.63
397,FaceShifter/397_602.mp4,FAKE,355,1920,1080,h264,4.23
398,FaceShifter/398_457.mp4,FAKE,582,656,480,h264,1.23
399,FaceShifter/399_488.mp4,FAKE,862,1280,720,h264,3.5
400,FaceShifter/400_476.mp4,FAKE,357,1280,720,h264,1.49
401,FaceShifter/401_395.mp4,FAKE,492,1280,720,h264,1.96
402,FaceShifter/402_453.mp4,FAKE,423,1920,1080,h264,4.84
403,FaceShifter/403_497.mp4,FAKE,707,272,480,h264,0.86
404,FaceShifter/404_429.mp4,FAKE,798,1280,720,h264,6.52
405,FaceShifter/405_393.mp4,FAKE,531,640,480,h264,0.99
406,FaceShifter/406_391.mp4,FAKE,512,600,480,h264,1.39
407,FaceShifter/407_374.mp4,FAKE,504,600,480,h264,1.3
408,FaceShifter/408_424.mp4,FAKE,306,720,480,h264,1.5
409,FaceShifter/409_382.mp4,FAKE,361,640,480,h264,0.47
410,FaceShifter/410_411.mp4,FAKE,459,1920,1080,h264,4.93
411,FaceShifter/411_410.mp4,FAKE,529,1920,1080,h264,7.12
412,FaceShifter/412_274.mp4,FAKE,572,1280,720,h264,1.81
413,FaceShifter/413_372.mp4,FAKE,379,640,480,h264,0.68
414,FaceShifter/414_385.mp4,FAKE,587,1920,1080,h264,6.56
415,FaceShifter/415_484.mp4,FAKE,563,720,480,h264,0.64
416,FaceShifter/416_342.mp4,FAKE,313,1280,720,h264,1.7
417,FaceShifter/417_496.mp4,FAKE,861,854,480,h264,2.09
418,FaceShifter/418_507.mp4,FAKE,319,1280,720,h264,1.94
419,FaceShifter/419_824.mp4,FAKE,487,1280,720,h264,2.05
420,FaceShifter/420_257.mp4,FAKE,1126,600,480,h264,1.85
421,FaceShifter/421_423.mp4,FAKE,1038,640,480,h264,1.72
422,FaceShifter/422_695.mp4,FAKE,316,1920,1080,h264,4.84
423,FaceShifter/423_421.mp4,FAKE,1814,598,480,h264,3.3
424,FaceShifter/424_408.mp4,FAKE,311,640,480,h264,0.55
425,FaceShifter/425_485.mp4,FAKE,336,854,480,h264,0.75
426,FaceShifter/426_287.mp4,FAKE,335,1920,1080,h264,4.63
427,FaceShifter/427_637.mp4,FAKE,468,1280,720,h264,0.8
428,FaceShifter/428_466.mp4,FAKE,540,1280,720,h264,2.09
429,FaceShifter/429_404.mp4,FAKE,457,656,480,h264,1.07
430,FaceShifter/430_459.mp4,FAKE,357,1920,1080,h264,3.1
431,FaceShifter/431_447.mp4,FAKE,616,1280,720,h264,2.0
432,FaceShifter/432_357.mp4,FAKE,360,640,480,h264,0.59
433,FaceShifter/433_498.mp4,FAKE,532,1280,720,h264,2.42
434,FaceShifter/434_438.mp4,FAKE,337,854,480,h264,0.48
435,FaceShifter/435_456.mp4,FAKE,476,656,480,h264,0.98
436,FaceShifter/436_526.mp4,FAKE,518,1280,720,h264,2.46
437,FaceShifter/437_360.mp4,FAKE,593,1280,720,h264,4.2
438,FaceShifter/438_434.mp4,FAKE,542,640,480,h264,0.65
439,FaceShifter/439_441.mp4,FAKE,462,640,480,h264,0.89
440,FaceShifter/440_364.mp4,FAKE,419,656,480,h264,0.55
441,FaceShifter/441_439.mp4,FAKE,305,640,480,h264,0.63
442,FaceShifter/442_195.mp4,FAKE,355,1920,1080,h264,3.95
443,FaceShifter/443_514.mp4,FAKE,1146,640,480,h264,1.57
444,FaceShifter/444_655.mp4,FAKE,437,854,480,h264,0.85
445,FaceShifter/445_494.mp4,FAKE,1053,1280,720,h264,3.95
446,FaceShifter/446_667.mp4,FAKE,423,1920,1080,h264,4.65
447,FaceShifter/447_431.mp4,FAKE,326,654,480,h264,0.61
448,FaceShifter/448_361.mp4,FAKE,528,1280,720,h264,2.14
449,FaceShifter/449_451.mp4,FAKE,306,1280,720,h264,1.48
450,FaceShifter/450_533.mp4,FAKE,774,1920,1080,h264,7.27
451,FaceShifter/451_449.mp4,FAKE,383,1280,720,h264,1.48
452,FaceShifter/452_550.mp4,FAKE,606,640,480,h264,1.03
453,FaceShifter/453_402.mp4,FAKE,645,1280,718,h264,2.57
454,FaceShifter/454_527.mp4,FAKE,384,854,480,h264,1.11
455,FaceShifter/455_471.mp4,FAKE,370,656,480,h264,1.34
456,FaceShifter/456_435.mp4,FAKE,608,1280,720,h264,3.5
457,FaceShifter/457_398.mp4,FAKE,528,640,480,h264,1.19
458,FaceShifter/458_722.mp4,FAKE,351,854,480,h264,0.8
459,FaceShifter/459_430.mp4,FAKE,526,1920,1080,h264,4.74
460,FaceShifter/460_678.mp4,FAKE,640,1280,720,h264,2.88
461,FaceShifter/461_250.mp4,FAKE,612,1280,720,h264,2.06
462,FaceShifter/462_467.mp4,FAKE,585,640,480,h264,1.06
463,FaceShifter/463_464.mp4,FAKE,315,636,480,h264,0.8
464,FaceShifter/464_463.mp4,FAKE,404,640,480,h264,0.92
465,FaceShifter/465_482.mp4,FAKE,329,1280,720,h264,1.52
466,FaceShifter/466_428.mp4,FAKE,334,1280,720,h264,1.64
467,FaceShifter/467_462.mp4,FAKE,423,640,480,h264,0.77
468,FaceShifter/468_470.mp4,FAKE,597,600,480,h264,1.22
469,FaceShifter/469_481.mp4,FAKE,414,854,480,h264,0.95
470,FaceShifter/470_468.mp4,FAKE,905,642,480,h264,1.0
471,FaceShifter/471_455.mp4,FAKE,540,640,480,h264,0.8
472,FaceShifter/472_511.mp4,FAKE,479,640,480,h264,0.3
473,FaceShifter/473_366.mp4,FAKE,574,640,480,h264,0.83
474,FaceShifter/474_281.mp4,FAKE,296,640,480,h264,1.16
475,FaceShifter/475_265.mp4,FAKE,337,1280,720,h264,1.51
476,FaceShifter/476_400.mp4,FAKE,310,640,480,h264,1.1
477,FaceShifter/477_487.mp4,FAKE,365,1264,720,h264,1.45
478,FaceShifter/478_506.mp4,FAKE,749,640,480,h264,0.82
479,FaceShifter/479_706.mp4,FAKE,488,1920,1080,h264,4.01
480,FaceShifter/480_389.mp4,FAKE,485,1280,720,h264,2.04
481,FaceShifter/481_469.mp4,FAKE,414,1280,720,h264,2.22
482,FaceShifter/482_465.mp4,FAKE,354,640,480,h264,1.03
483,FaceShifter/483_370.mp4,FAKE,375,1280,720,h264,1.04
484,FaceShifter/484_415.mp4,FAKE,319,654,480,h264,0.37
485,FaceShifter/485_425.mp4,FAKE,803,854,480,h264,1.66
486,FaceShifter/486_680.mp4,FAKE,564,640,480,h264,0.82
487,FaceShifter/487_477.mp4,FAKE,319,1280,720,h264,1.64
488,FaceShifter/488_399.mp4,FAKE,518,854,480,h264,0.98
489,FaceShifter/489_022.mp4,FAKE,566,1280,720,h264,2.36
490,FaceShifter/490_534.mp4,FAKE,635,1920,1080,h264,4.86
491,FaceShifter/491_226.mp4,FAKE,427,1920,1080,h264,3.77
492,FaceShifter/492_325.mp4,FAKE,347,1280,720,h264,1.28
493,FaceShifter/493_538.mp4,FAKE,395,640,480,h264,0.88
494,FaceShifter/494_445.mp4,FAKE,802,1280,720,h264,3.07
495,FaceShifter/495_512.mp4,FAKE,573,640,480,h264,0.96
496,FaceShifter/496_417.mp4,FAKE,1496,640,480,h264,1.94
497,FaceShifter/497_403.mp4,FAKE,621,854,480,h264,1.32
498,FaceShifter/498_433.mp4,FAKE,317,854,480,h264,0.81
499,FaceShifter/499_539.mp4,FAKE,514,1280,720,h264,2.25
500,FaceShifter/500_592.mp4,FAKE,292,1920,1080,h264,2.3
501,FaceShifter/501_326.mp4,FAKE,522,600,480,h264,0.69
502,FaceShifter/502_504.mp4,FAKE,317,1280,720,h264,1.62
503,FaceShifter/503_756.mp4,FAKE,674,640,480,h264,0.75
504,FaceShifter/504_502.mp4,FAKE,317,1280,720,h264,0.96
505,FaceShifter/505_600.mp4,FAKE,543,654,480,h264,0.46
506,FaceShifter/506_478.mp4,FAKE,668,854,480,h264,1.24
507,FaceShifter/507_418.mp4,FAKE,469,1920,1080,h264,7.6
508,FaceShifter/508_831.mp4,FAKE,603,1920,1080,h264,4.93
509,FaceShifter/509_525.mp4,FAKE,563,640,480,h264,1.71
510,FaceShifter/510_528.mp4,FAKE,340,854,480,h264,1.34
511,FaceShifter/511_472.mp4,FAKE,809,640,480,h264,1.34
512,FaceShifter/512_495.mp4,FAKE,750,640,480,h264,1.44
513,FaceShifter/513_305.mp4,FAKE,494,1280,720,h264,2.49
514,FaceShifter/514_443.mp4,FAKE,361,640,480,h264,0.76
515,FaceShifter/515_519.mp4,FAKE,766,640,480,h264,1.78
516,FaceShifter/516_555.mp4,FAKE,354,1920,1080,h264,3.05
517,FaceShifter/517_521.mp4,FAKE,373,654,480,h264,0.59
518,FaceShifter/518_131.mp4,FAKE,295,854,480,h264,0.63
519,FaceShifter/519_515.mp4,FAKE,751,640,480,h264,2.07
520,FaceShifter/520_542.mp4,FAKE,350,1280,720,h264,1.33
521,FaceShifter/521_517.mp4,FAKE,304,640,480,h264,0.56
522,FaceShifter/522_337.mp4,FAKE,713,602,480,h264,0.97
523,FaceShifter/523_541.mp4,FAKE,375,854,480,h264,0.79
524,FaceShifter/524_580.mp4,FAKE,527,854,480,h264,0.81
525,FaceShifter/525_509.mp4,FAKE,517,854,480,h264,0.57
526,FaceShifter/526_436.mp4,FAKE,838,1280,720,h264,2.72
527,FaceShifter/527_454.mp4,FAKE,342,1280,720,h264,0.76
528,FaceShifter/528_510.mp4,FAKE,377,720,480,h264,1.2
529,FaceShifter/529_633.mp4,FAKE,335,1920,1080,h264,2.94
530,FaceShifter/530_594.mp4,FAKE,716,1280,720,h264,3.39
531,FaceShifter/531_549.mp4,FAKE,319,640,480,h264,0.75
532,FaceShifter/532_544.mp4,FAKE,391,1280,720,h264,1.05
533,FaceShifter/533_450.mp4,FAKE,558,1920,1080,h264,3.31
534,FaceShifter/534_490.mp4,FAKE,384,1280,720,h264,1.55
535,FaceShifter/535_587.mp4,FAKE,667,640,480,h264,0.79
536,FaceShifter/536_540.mp4,FAKE,603,1280,720,h264,1.88
537,FaceShifter/537_563.mp4,FAKE,385,1280,720,h264,1.83
538,FaceShifter/538_493.mp4,FAKE,596,854,480,h264,1.05
539,FaceShifter/539_499.mp4,FAKE,313,640,480,h264,0.38
540,FaceShifter/540_536.mp4,FAKE,957,1280,720,h264,2.32
541,FaceShifter/541_523.mp4,FAKE,390,642,480,h264,0.38
542,FaceShifter/542_520.mp4,FAKE,320,1280,720,h264,1.07
543,FaceShifter/543_559.mp4,FAKE,718,656,480,h264,1.21
544,FaceShifter/544_532.mp4,FAKE,355,1280,720,h264,1.46
545,FaceShifter/545_553.mp4,FAKE,436,640,480,h264,0.89
546,FaceShifter/546_621.mp4,FAKE,714,854,480,h264,1.06
547,FaceShifter/547_574.mp4,FAKE,496,1920,1080,h264,3.25
548,FaceShifter/548_632.mp4,FAKE,573,1280,720,h264,2.53
549,FaceShifter/549_531.mp4,FAKE,624,1280,720,h264,12.49
550,FaceShifter/550_452.mp4,FAKE,444,640,480,h264,0.6
551,FaceShifter/551_631.mp4,FAKE,727,1280,720,h264,4.48
552,FaceShifter/552_851.mp4,FAKE,303,1280,720,h264,1.16
553,FaceShifter/553_545.mp4,FAKE,364,640,480,h264,0.5
554,FaceShifter/554_572.mp4,FAKE,828,1280,720,h264,2.5
555,FaceShifter/555_516.mp4,FAKE,572,1920,1080,h264,6.51
556,FaceShifter/556_588.mp4,FAKE,372,640,480,h264,0.48
557,FaceShifter/557_560.mp4,FAKE,509,854,480,h264,0.86
558,FaceShifter/558_583.mp4,FAKE,535,1280,720,h264,2.95
559,FaceShifter/559_543.mp4,FAKE,334,1280,720,h264,2.2
560,FaceShifter/560_557.mp4,FAKE,349,640,480,h264,0.38
561,FaceShifter/561_998.mp4,FAKE,416,1920,1080,h264,2.73
562,FaceShifter/562_626.mp4,FAKE,467,1280,720,h264,2.81
563,FaceShifter/563_537.mp4,FAKE,390,640,480,h264,0.57
564,FaceShifter/564_971.mp4,FAKE,648,1920,1080,h264,3.36
565,FaceShifter/565_589.mp4,FAKE,430,656,480,h264,0.77
566,FaceShifter/566_617.mp4,FAKE,723,854,480,h264,2.74
567,FaceShifter/567_606.mp4,FAKE,340,854,480,h264,0.6
568,FaceShifter/568_628.mp4,FAKE,570,640,480,h264,0.91
569,FaceShifter/569_921.mp4,FAKE,335,1920,1080,h264,2.63
570,FaceShifter/570_624.mp4,FAKE,430,1280,720,h264,1.77
571,FaceShifter/571_746.mp4,FAKE,576,1280,720,h264,2.7
572,FaceShifter/572_554.mp4,FAKE,347,1280,720,h264,1.29
573,FaceShifter/573_757.mp4,FAKE,613,1280,720,h264,2.6
574,FaceShifter/574_547.mp4,FAKE,507,656,480,h264,0.8
575,FaceShifter/575_603.mp4,FAKE,557,1280,720,h264,3.32
576,FaceShifter/576_155.mp4,FAKE,461,1280,720,h264,2.63
577,FaceShifter/577_593.mp4,FAKE,344,1920,1080,h264,2.07
578,FaceShifter/578_636.mp4,FAKE,564,1280,720,h264,1.77
579,FaceShifter/579_701.mp4,FAKE,476,1920,1080,h264,3.02
580,FaceShifter/580_524.mp4,FAKE,292,1280,720,h264,0.99
581,FaceShifter/581_697.mp4,FAKE,382,1920,1080,h264,4.17
582,FaceShifter/582_172.mp4,FAKE,431,654,480,h264,1.65
583,FaceShifter/583_558.mp4,FAKE,475,1280,720,h264,1.5
584,FaceShifter/584_823.mp4,FAKE,475,1280,720,h264,1.9
585,FaceShifter/585_599.mp4,FAKE,359,1280,720,h264,1.4
586,FaceShifter/586_223.mp4,FAKE,379,1920,1080,h264,3.38
587,FaceShifter/587_535.mp4,FAKE,626,640,480,h264,0.81
588,FaceShifter/588_556.mp4,FAKE,544,854,480,h264,0.93
589,FaceShifter/589_565.mp4,FAKE,686,640,480,h264,1.38
590,FaceShifter/590_034.mp4,FAKE,600,1920,1080,h264,6.02
591,FaceShifter/591_605.mp4,FAKE,541,1280,720,h264,2.6
592,FaceShifter/592_500.mp4,FAKE,383,854,480,h264,0.51
593,FaceShifter/593_577.mp4,FAKE,535,1920,1080,h264,4.07
594,FaceShifter/594_530.mp4,FAKE,294,1280,720,h264,1.0
595,FaceShifter/595_597.mp4,FAKE,565,1280,720,h264,1.97
596,FaceShifter/596_609.mp4,FAKE,557,600,480,h264,1.11
597,FaceShifter/597_595.mp4,FAKE,297,640,480,h264,0.43
598,FaceShifter/598_178.mp4,FAKE,686,640,480,h264,0.57
599,FaceShifter/599_585.mp4,FAKE,398,1280,720,h264,1.9
600,FaceShifter/600_505.mp4,FAKE,388,640,480,h264,0.87
601,FaceShifter/601_653.mp4,FAKE,364,654,480,h264,0.5
602,FaceShifter/602_397.mp4,FAKE,667,1920,1080,h264,6.21
603,FaceShifter/603_575.mp4,FAKE,296,1280,720,h264,1.3
604,FaceShifter/604_703.mp4,FAKE,825,1280,720,h264,2.48
605,FaceShifter/605_591.mp4,FAKE,664,848,480,h264,1.0
606,FaceShifter/606_567.mp4,FAKE,387,848,480,h264,0.49
607,FaceShifter/607_683.mp4,FAKE,454,1920,1080,h264,4.05
608,FaceShifter/608_675.mp4,FAKE,1205,600,480,h264,1.58
609,FaceShifter/609_596.mp4,FAKE,489,600,480,h264,1.5
610,FaceShifter/610_692.mp4,FAKE,394,1280,720,h264,1.85
611,FaceShifter/611_760.mp4,FAKE,645,640,480,h264,0.72
612,FaceShifter/612_702.mp4,FAKE,420,1280,720,h264,1.89
613,FaceShifter/613_685.mp4,FAKE,415,1280,720,h264,1.16
614,FaceShifter/614_616.mp4,FAKE,507,1280,720,h264,1.98
615,FaceShifter/615_687.mp4,FAKE,452,1280,720,h264,1.64
616,FaceShifter/616_614.mp4,FAKE,663,640,480,h264,1.35
617,FaceShifter/617_566.mp4,FAKE,312,854,480,h264,0.6
618,FaceShifter/618_629.mp4,FAKE,382,1280,720,h264,1.66
619,FaceShifter/619_620.mp4,FAKE,305,1280,720,h264,0.84
620,FaceShifter/620_619.mp4,FAKE,628,1920,1080,h264,4.07
621,FaceShifter/621_546.mp4,FAKE,370,1280,720,h264,1.52
622,FaceShifter/622_647.mp4,FAKE,371,1280,720,h264,1.0
623,FaceShifter/623_630.mp4,FAKE,352,640,480,h264,0.63
624,FaceShifter/624_570.mp4,FAKE,350,854,480,h264,1.26
625,FaceShifter/625_650.mp4,FAKE,332,640,480,h264,0.56
626,FaceShifter/626_562.mp4,FAKE,975,854,480,h264,1.57
627,FaceShifter/627_658.mp4,FAKE,374,600,480,h264,0.79
628,FaceShifter/628_568.mp4,FAKE,895,640,480,h264,1.23
629,FaceShifter/629_618.mp4,FAKE,990,1280,720,h264,3.14
630,FaceShifter/630_623.mp4,FAKE,423,640,480,h264,1.2
631,FaceShifter/631_551.mp4,FAKE,424,656,480,h264,0.96
632,FaceShifter/632_548.mp4,FAKE,427,1920,1080,h264,4.08
633,FaceShifter/633_529.mp4,FAKE,512,1280,720,h264,2.08
634,FaceShifter/634_660.mp4,FAKE,338,1280,720,h264,1.37
635,FaceShifter/635_642.mp4,FAKE,764,854,480,h264,1.47
636,FaceShifter/636_578.mp4,FAKE,335,640,480,h264,0.53
637,FaceShifter/637_427.mp4,FAKE,510,1280,720,h264,0.94
638,FaceShifter/638_640.mp4,FAKE,698,1280,720,h264,2.5
639,FaceShifter/639_841.mp4,FAKE,662,1280,720,h264,2.15
640,FaceShifter/640_638.mp4,FAKE,306,1280,720,h264,1.26
641,FaceShifter/641_662.mp4,FAKE,350,1280,720,h264,2.43
642,FaceShifter/642_635.mp4,FAKE,573,656,480,h264,1.38
643,FaceShifter/643_646.mp4,FAKE,364,1280,720,h264,1.26
644,FaceShifter/644_657.mp4,FAKE,413,854,480,h264,0.83
645,FaceShifter/645_688.mp4,FAKE,554,1920,1080,h264,6.03
646,FaceShifter/646_643.mp4,FAKE,440,640,480,h264,0.48
647,FaceShifter/647_622.mp4,FAKE,699,1920,1080,h264,4.16
648,FaceShifter/648_654.mp4,FAKE,471,1280,720,h264,1.34
649,FaceShifter/649_816.mp4,FAKE,930,1280,720,h264,3.27
650,FaceShifter/650_625.mp4,FAKE,693,656,480,h264,0.8
651,FaceShifter/651_835.mp4,FAKE,380,1280,720,h264,2.22
652,FaceShifter/652_773.mp4,FAKE,456,1280,720,h264,1.82
653,FaceShifter/653_601.mp4,FAKE,731,654,480,h264,1.11
654,FaceShifter/654_648.mp4,FAKE,410,640,480,h264,0.67
655,FaceShifter/655_444.mp4,FAKE,678,640,480,h264,1.74
656,FaceShifter/656_666.mp4,FAKE,505,640,480,h264,0.68
657,FaceShifter/657_644.mp4,FAKE,546,656,480,h264,1.42
658,FaceShifter/658_627.mp4,FAKE,404,656,480,h264,0.55
659,FaceShifter/659_749.mp4,FAKE,1001,640,480,h264,1.36
660,FaceShifter/660_634.mp4,FAKE,340,1280,720,h264,3.52
661,FaceShifter/661_670.mp4,FAKE,513,1280,720,h264,3.04
662,FaceShifter/662_641.mp4,FAKE,496,1280,720,h264,2.69
663,FaceShifter/663_231.mp4,FAKE,316,640,480,h264,0.47
664,FaceShifter/664_668.mp4,FAKE,293,1280,720,h264,1.15
665,FaceShifter/665_679.mp4,FAKE,324,640,480,h264,0.33
666,FaceShifter/666_656.mp4,FAKE,383,640,480,h264,0.54
667,FaceShifter/667_446.mp4,FAKE,469,1920,1080,h264,6.08
668,FaceShifter/668_664.mp4,FAKE,398,654,480,h264,0.84
669,FaceShifter/669_682.mp4,FAKE,489,640,480,h264,0.38
670,FaceShifter/670_661.mp4,FAKE,481,640,480,h264,0.81
671,FaceShifter/671_677.mp4,FAKE,343,1280,720,h264,1.57
672,FaceShifter/672_720.mp4,FAKE,541,1280,720,h264,1.57
673,FaceShifter/673_728.mp4,FAKE,592,640,480,h264,1.03
674,FaceShifter/674_744.mp4,FAKE,367,640,480,h264,0.76
675,FaceShifter/675_608.mp4,FAKE,421,600,480,h264,1.15
676,FaceShifter/676_776.mp4,FAKE,515,1280,720,h264,1.87
677,FaceShifter/677_671.mp4,FAKE,314,1280,720,h264,1.5
678,FaceShifter/678_460.mp4,FAKE,400,1920,1080,h264,4.63
679,FaceShifter/679_665.mp4,FAKE,416,656,480,h264,0.59
680,FaceShifter/680_486.mp4,FAKE,300,656,480,h264,0.46
681,FaceShifter/681_711.mp4,FAKE,840,1280,720,h264,2.69
682,FaceShifter/682_669.mp4,FAKE,965,600,480,h264,1.37
683,FaceShifter/683_607.mp4,FAKE,302,1920,1080,h264,2.38
684,FaceShifter/684_717.mp4,FAKE,497,1920,1080,h264,3.81
685,FaceShifter/685_613.mp4,FAKE,522,1280,720,h264,2.01
686,FaceShifter/686_696.mp4,FAKE,342,1280,720,h264,1.03
687,FaceShifter/687_615.mp4,FAKE,469,1280,720,h264,1.41
688,FaceShifter/688_645.mp4,FAKE,571,1280,720,h264,2.73
689,FaceShifter/689_690.mp4,FAKE,455,640,480,h264,0.64
690,FaceShifter/690_689.mp4,FAKE,331,854,480,h264,0.66
691,FaceShifter/691_732.mp4,FAKE,540,1280,720,h264,1.69
692,FaceShifter/692_610.mp4,FAKE,354,1280,720,h264,2.09
693,FaceShifter/693_698.mp4,FAKE,595,656,480,h264,1.36
694,FaceShifter/694_767.mp4,FAKE,299,854,480,h264,0.73
695,FaceShifter/695_422.mp4,FAKE,310,1920,1080,h264,2.72
696,FaceShifter/696_686.mp4,FAKE,405,656,480,h264,0.65
697,FaceShifter/697_581.mp4,FAKE,465,1280,720,h264,1.99
698,FaceShifter/698_693.mp4,FAKE,304,656,480,h264,0.38
699,FaceShifter/699_734.mp4,FAKE,524,600,480,h264,0.58
700,FaceShifter/700_813.mp4,FAKE,333,1280,720,h264,1.32
701,FaceShifter/701_579.mp4,FAKE,393,1920,1080,h264,2.73
702,FaceShifter/702_612.mp4,FAKE,749,1280,720,h264,3.88
703,FaceShifter/703_604.mp4,FAKE,375,1280,720,h264,1.28
704,FaceShifter/704_723.mp4,FAKE,450,600,480,h264,0.62
705,FaceShifter/705_707.mp4,FAKE,473,854,480,h264,0.57
706,FaceShifter/706_479.mp4,FAKE,328,1920,1080,h264,2.91
707,FaceShifter/707_705.mp4,FAKE,1034,854,480,h264,2.3
708,FaceShifter/708_772.mp4,FAKE,549,1920,1080,h264,4.31
709,FaceShifter/709_390.mp4,FAKE,300,1920,1080,h264,4.27
710,FaceShifter/710_788.mp4,FAKE,378,854,480,h264,0.86
711,FaceShifter/711_681.mp4,FAKE,292,1920,1080,h264,2.15
712,FaceShifter/712_716.mp4,FAKE,550,1280,720,h264,1.83
713,FaceShifter/713_726.mp4,FAKE,527,1920,1080,h264,6.79
714,FaceShifter/714_842.mp4,FAKE,560,1280,720,h264,2.39
715,FaceShifter/715_721.mp4,FAKE,856,640,480,h264,1.07
716,FaceShifter/716_712.mp4,FAKE,628,600,480,h264,1.36
717,FaceShifter/717_684.mp4,FAKE,374,1280,720,h264,1.35
718,FaceShifter/718_972.mp4,FAKE,578,1920,1080,h264,5.74
719,FaceShifter/719_737.mp4,FAKE,402,640,480,h264,0.43
720,FaceShifter/720_672.mp4,FAKE,564,656,480,h264,0.82
721,FaceShifter/721_715.mp4,FAKE,581,600,480,h264,0.97
722,FaceShifter/722_458.mp4,FAKE,396,1920,1080,h264,3.91
723,FaceShifter/723_704.mp4,FAKE,730,854,480,h264,1.2
724,FaceShifter/724_725.mp4,FAKE,600,1920,1080,h264,7.58
725,FaceShifter/725_724.mp4,FAKE,699,1280,720,h264,2.7
726,FaceShifter/726_713.mp4,FAKE,410,1920,1080,h264,4.31
727,FaceShifter/727_729.mp4,FAKE,554,640,480,h264,0.81
728,FaceShifter/728_673.mp4,FAKE,568,640,480,h264,0.79
729,FaceShifter/729_727.mp4,FAKE,636,656,480,h264,0.96
730,FaceShifter/730_815.mp4,FAKE,719,1280,720,h264,2.49
731,FaceShifter/731_741.mp4,FAKE,778,600,480,h264,1.13
732,FaceShifter/732_691.mp4,FAKE,426,600,480,h264,0.99
733,FaceShifter/733_935.mp4,FAKE,518,1280,720,h264,2.54
734,FaceShifter/734_699.mp4,FAKE,1098,656,480,h264,1.78
735,FaceShifter/735_774.mp4,FAKE,802,640,480,h264,1.29
736,FaceShifter/736_785.mp4,FAKE,414,640,480,h264,0.8
737,FaceShifter/737_719.mp4,FAKE,369,640,480,h264,1.06
738,FaceShifter/738_804.mp4,FAKE,417,1280,720,h264,2.12
739,FaceShifter/739_865.mp4,FAKE,304,1280,720,h264,0.71
740,FaceShifter/740_796.mp4,FAKE,348,1920,1080,h264,1.68
741,FaceShifter/741_731.mp4,FAKE,370,640,480,h264,0.44
742,FaceShifter/742_775.mp4,FAKE,623,640,480,h264,0.77
743,FaceShifter/743_750.mp4,FAKE,311,1280,720,h264,1.33
744,FaceShifter/744_674.mp4,FAKE,294,640,480,h264,1.24
745,FaceShifter/745_777.mp4,FAKE,569,854,480,h264,0.79
746,FaceShifter/746_571.mp4,FAKE,493,1280,720,h264,1.63
747,FaceShifter/747_854.mp4,FAKE,470,1280,720,h264,1.96
748,FaceShifter/748_355.mp4,FAKE,318,1280,720,h264,1.73
749,FaceShifter/749_659.mp4,FAKE,693,854,480,h264,0.89
750,FaceShifter/750_743.mp4,FAKE,441,1920,1080,h264,5.15
751,FaceShifter/751_752.mp4,FAKE,331,640,480,h264,0.73
752,FaceShifter/752_751.mp4,FAKE,1016,1280,720,h264,6.16
753,FaceShifter/753_789.mp4,FAKE,686,1920,1080,h264,6.42
754,FaceShifter/754_758.mp4,FAKE,401,1280,720,h264,1.22
755,FaceShifter/755_759.mp4,FAKE,336,854,480,h264,0.44
756,FaceShifter/756_503.mp4,FAKE,570,854,480,h264,1.33
757,FaceShifter/757_573.mp4,FAKE,441,1280,720,h264,1.39
758,FaceShifter/758_754.mp4,FAKE,391,640,480,h264,0.69
759,FaceShifter/759_755.mp4,FAKE,434,1920,1080,h264,4.54
760,FaceShifter/760_611.mp4,FAKE,306,854,480,h264,0.82
761,FaceShifter/761_766.mp4,FAKE,343,640,480,h264,0.69
762,FaceShifter/762_832.mp4,FAKE,416,640,480,h264,0.89
763,FaceShifter/763_930.mp4,FAKE,812,854,480,h264,2.69
764,FaceShifter/764_850.mp4,FAKE,369,1440,1080,h264,2.02
765,FaceShifter/765_867.mp4,FAKE,388,640,480,h264,0.64
766,FaceShifter/766_761.mp4,FAKE,860,640,480,h264,0.86
767,FaceShifter/767_694.mp4,FAKE,407,640,480,h264,0.54
768,FaceShifter/768_793.mp4,FAKE,330,1280,720,h264,0.94
769,FaceShifter/769_784.mp4,FAKE,484,1280,720,h264,2.17
770,FaceShifter/770_791.mp4,FAKE,653,1280,720,h264,2.59
771,FaceShifter/771_849.mp4,FAKE,634,656,480,h264,0.67
772,FaceShifter/772_708.mp4,FAKE,341,1280,720,h264,1.49
773,FaceShifter/773_652.mp4,FAKE,579,1280,720,h264,1.87
774,FaceShifter/774_735.mp4,FAKE,313,640,480,h264,0.6
775,FaceShifter/775_742.mp4,FAKE,559,640,480,h264,0.69
776,FaceShifter/776_676.mp4,FAKE,331,1920,1080,h264,6.4
777,FaceShifter/777_745.mp4,FAKE,325,640,480,h264,0.45
778,FaceShifter/778_798.mp4,FAKE,328,1280,720,h264,1.42
779,FaceShifter/779_794.mp4,FAKE,306,1280,720,h264,0.99
780,FaceShifter/780_869.mp4,FAKE,402,1280,720,h264,1.29
781,FaceShifter/781_806.mp4,FAKE,475,640,480,h264,0.73
782,FaceShifter/782_787.mp4,FAKE,556,600,480,h264,1.59
783,FaceShifter/783_916.mp4,FAKE,403,1280,720,h264,1.31
784,FaceShifter/784_769.mp4,FAKE,557,640,480,h264,0.91
785,FaceShifter/785_736.mp4,FAKE,413,640,480,h264,1.09
786,FaceShifter/786_819.mp4,FAKE,520,1920,1080,h264,10.9
787,FaceShifter/787_782.mp4,FAKE,502,656,480,h264,1.0
788,FaceShifter/788_710.mp4,FAKE,534,656,480,h264,1.84
789,FaceShifter/789_753.mp4,FAKE,567,1920,1080,h264,5.81
790,FaceShifter/790_014.mp4,FAKE,690,1280,720,h264,2.58
791,FaceShifter/791_770.mp4,FAKE,333,720,480,h264,0.49
792,FaceShifter/792_903.mp4,FAKE,383,640,480,h264,0.56
793,FaceShifter/793_768.mp4,FAKE,590,1280,720,h264,3.11
794,FaceShifter/794_779.mp4,FAKE,879,1280,720,h264,4.98
795,FaceShifter/795_907.mp4,FAKE,550,1280,720,h264,1.48
796,FaceShifter/796_740.mp4,FAKE,1001,1280,720,h264,5.44
797,FaceShifter/797_844.mp4,FAKE,434,640,480,h264,0.43
798,FaceShifter/798_778.mp4,FAKE,371,1920,1080,h264,2.85
799,FaceShifter/799_809.mp4,FAKE,1227,1280,720,h264,7.07
800,FaceShifter/800_840.mp4,FAKE,338,1280,720,h264,1.29
801,FaceShifter/801_855.mp4,FAKE,444,640,480,h264,0.87
802,FaceShifter/802_885.mp4,FAKE,351,656,480,h264,0.41
803,FaceShifter/803_017.mp4,FAKE,297,854,480,h264,0.7
804,FaceShifter/804_738.mp4,FAKE,359,854,480,h264,0.66
805,FaceShifter/805_011.mp4,FAKE,411,1280,720,h264,2.2
806,FaceShifter/806_781.mp4,FAKE,301,640,480,h264,0.35
807,FaceShifter/807_273.mp4,FAKE,650,1920,1080,h264,7.56
808,FaceShifter/808_829.mp4,FAKE,637,1280,720,h264,2.4
809,FaceShifter/809_799.mp4,FAKE,367,656,480,h264,0.86
810,FaceShifter/810_838.mp4,FAKE,1052,1280,720,h264,3.79
811,FaceShifter/811_920.mp4,FAKE,542,1280,720,h264,2.44
812,FaceShifter/812_821.mp4,FAKE,433,720,480,h264,0.94
813,FaceShifter/813_700.mp4,FAKE,360,1280,720,h264,2.68
814,FaceShifter/814_871.mp4,FAKE,550,1280,720,h264,2.28
815,FaceShifter/815_730.mp4,FAKE,452,1280,720,h264,1.4
816,FaceShifter/816_649.mp4,FAKE,411,640,480,h264,0.53
817,FaceShifter/817_827.mp4,FAKE,419,1280,720,h264,1.68
818,FaceShifter/818_820.mp4,FAKE,466,1280,720,h264,1.78
819,FaceShifter/819_786.mp4,FAKE,927,1920,1080,h264,7.35
820,FaceShifter/820_818.mp4,FAKE,665,1280,720,h264,2.43
821,FaceShifter/821_812.mp4,FAKE,423,712,480,h264,0.81
822,FaceShifter/822_244.mp4,FAKE,297,1920,1080,h264,1.79
823,FaceShifter/823_584.mp4,FAKE,672,1280,720,h264,4.44
824,FaceShifter/824_419.mp4,FAKE,577,1280,720,h264,2.37
825,FaceShifter/825_074.mp4,FAKE,547,854,480,h264,0.95
826,FaceShifter/826_833.mp4,FAKE,355,1280,720,h264,1.5
827,FaceShifter/827_817.mp4,FAKE,311,640,480,h264,0.47
828,FaceShifter/828_830.mp4,FAKE,319,640,480,h264,0.74
829,FaceShifter/829_808.mp4,FAKE,801,1274,720,h264,3.73
830,FaceShifter/830_828.mp4,FAKE,511,600,480,h264,0.88
831,FaceShifter/831_508.mp4,FAKE,327,1920,1080,h264,4.09
832,FaceShifter/832_762.mp4,FAKE,553,600,480,h264,1.27
833,FaceShifter/833_826.mp4,FAKE,600,1920,1080,h264,8.61
834,FaceShifter/834_852.mp4,FAKE,303,720,480,h264,0.96
835,FaceShifter/835_651.mp4,FAKE,426,1920,1080,h264,2.83
836,FaceShifter/836_950.mp4,FAKE,343,1280,720,h264,1.14
837,FaceShifter/837_890.mp4,FAKE,443,1280,720,h264,2.51
838,FaceShifter/838_810.mp4,FAKE,457,1280,720,h264,2.28
839,FaceShifter/839_864.mp4,FAKE,385,640,480,h264,0.55
840,FaceShifter/840_800.mp4,FAKE,840,654,480,h264,0.94
841,FaceShifter/841_639.mp4,FAKE,519,854,480,h264,0.78
842,FaceShifter/842_714.mp4,FAKE,447,656,480,h264,1.29
843,FaceShifter/843_859.mp4,FAKE,318,854,480,h264,0.4
844,FaceShifter/844_797.mp4,FAKE,852,640,480,h264,1.13
845,FaceShifter/845_846.mp4,FAKE,356,854,480,h264,0.56
846,FaceShifter/846_845.mp4,FAKE,353,656,480,h264,0.61
847,FaceShifter/847_906.mp4,FAKE,301,1280,720,h264,1.52
848,FaceShifter/848_894.mp4,FAKE,360,1920,1080,h264,4.37
849,FaceShifter/849_771.mp4,FAKE,322,640,480,h264,1.68
850,FaceShifter/850_764.mp4,FAKE,612,810,480,h264,0.94
851,FaceShifter/851_552.mp4,FAKE,833,1280,720,h264,3.44
852,FaceShifter/852_834.mp4,FAKE,427,640,480,h264,0.44
853,FaceShifter/853_863.mp4,FAKE,616,1280,720,h264,2.31
854,FaceShifter/854_747.mp4,FAKE,294,1280,720,h264,1.04
855,FaceShifter/855_801.mp4,FAKE,630,640,480,h264,1.38
856,FaceShifter/856_881.mp4,FAKE,1103,1280,720,h264,3.42
857,FaceShifter/857_909.mp4,FAKE,640,640,480,h264,1.03
858,FaceShifter/858_861.mp4,FAKE,483,656,480,h264,0.4
859,FaceShifter/859_843.mp4,FAKE,333,640,480,h264,0.44
860,FaceShifter/860_905.mp4,FAKE,459,1920,1080,h264,2.25
861,FaceShifter/861_858.mp4,FAKE,594,654,480,h264,1.75
862,FaceShifter/862_047.mp4,FAKE,470,1280,720,h264,1.42
863,FaceShifter/863_853.mp4,FAKE,513,1280,720,h264,1.92
864,FaceShifter/864_839.mp4,FAKE,326,600,480,h264,0.72
865,FaceShifter/865_739.mp4,FAKE,347,1920,1080,h264,2.49
866,FaceShifter/866_878.mp4,FAKE,509,1920,1080,h264,4.65
867,FaceShifter/867_765.mp4,FAKE,1489,720,480,h264,4.19
868,FaceShifter/868_949.mp4,FAKE,431,654,480,h264,0.61
869,FaceShifter/869_780.mp4,FAKE,333,1920,1080,h264,4.06
870,FaceShifter/870_001.mp4,FAKE,604,1280,720,h264,2.76
871,FaceShifter/871_814.mp4,FAKE,348,854,480,h264,0.99
872,FaceShifter/872_873.mp4,FAKE,474,640,480,h264,0.7
873,FaceShifter/873_872.mp4,FAKE,884,1280,720,h264,2.85
874,FaceShifter/874_291.mp4,FAKE,469,1920,1080,h264,3.3
875,FaceShifter/875_979.mp4,FAKE,422,1280,720,h264,1.12
876,FaceShifter/876_891.mp4,FAKE,313,1280,720,h264,0.87
877,FaceShifter/877_886.mp4,FAKE,570,1280,720,h264,1.65
878,FaceShifter/878_866.mp4,FAKE,736,1280,720,h264,2.15
879,FaceShifter/879_963.mp4,FAKE,839,854,480,h264,1.53
880,FaceShifter/880_135.mp4,FAKE,435,1920,1080,h264,2.93
881,FaceShifter/881_856.mp4,FAKE,638,720,480,h264,1.04
882,FaceShifter/882_952.mp4,FAKE,333,1920,1080,h264,4.43
883,FaceShifter/883_013.mp4,FAKE,433,960,720,h264,2.21
884,FaceShifter/884_968.mp4,FAKE,343,960,720,h264,1.82
885,FaceShifter/885_802.mp4,FAKE,329,640,480,h264,0.53
886,FaceShifter/886_877.mp4,FAKE,525,640,480,h264,0.8
887,FaceShifter/887_275.mp4,FAKE,339,658,480,h264,0.67
888,FaceShifter/888_937.mp4,FAKE,307,640,480,h264,0.48
889,FaceShifter/889_045.mp4,FAKE,329,1920,1080,h264,5.99
890,FaceShifter/890_837.mp4,FAKE,341,854,480,h264,0.69
891,FaceShifter/891_876.mp4,FAKE,296,1280,720,h264,1.19
892,FaceShifter/892_112.mp4,FAKE,311,1920,1080,h264,3.05
893,FaceShifter/893_913.mp4,FAKE,537,854,480,h264,1.0
894,FaceShifter/894_848.mp4,FAKE,328,1920,1080,h264,2.83
895,FaceShifter/895_915.mp4,FAKE,294,854,480,h264,0.48
896,FaceShifter/896_128.mp4,FAKE,531,640,480,h264,0.48
897,FaceShifter/897_969.mp4,FAKE,333,656,480,h264,0.64
898,FaceShifter/898_922.mp4,FAKE,349,640,480,h264,0.47
899,FaceShifter/899_914.mp4,FAKE,560,640,480,h264,0.92
900,FaceShifter/900_926.mp4,FAKE,341,640,480,h264,0.76
901,FaceShifter/901_902.mp4,FAKE,523,1280,720,h264,1.44
902,FaceShifter/902_901.mp4,FAKE,295,1280,720,h264,0.79
903,FaceShifter/903_792.mp4,FAKE,567,598,480,h264,1.28
904,FaceShifter/904_046.mp4,FAKE,359,1920,1080,h264,3.57
905,FaceShifter/905_860.mp4,FAKE,382,960,720,h264,1.4
906,FaceShifter/906_847.mp4,FAKE,389,1920,1080,h264,2.16
907,FaceShifter/907_795.mp4,FAKE,525,1280,720,h264,1.87
908,FaceShifter/908_207.mp4,FAKE,667,1920,1080,h264,5.48
909,FaceShifter/909_857.mp4,FAKE,637,640,480,h264,0.58
910,FaceShifter/910_911.mp4,FAKE,292,1280,720,h264,1.02
911,FaceShifter/911_910.mp4,FAKE,329,1280,720,h264,0.91
912,FaceShifter/912_927.mp4,FAKE,647,640,480,h264,1.08
913,FaceShifter/913_893.mp4,FAKE,634,632,480,h264,0.88
914,FaceShifter/914_899.mp4,FAKE,307,640,480,h264,0.46
915,FaceShifter/915_895.mp4,FAKE,352,1280,720,h264,1.58
916,FaceShifter/916_783.mp4,FAKE,484,1280,720,h264,2.26
917,FaceShifter/917_924.mp4,FAKE,448,656,480,h264,1.04
918,FaceShifter/918_934.mp4,FAKE,472,978,720,h264,1.32
919,FaceShifter/919_015.mp4,FAKE,534,640,480,h264,0.59
920,FaceShifter/920_811.mp4,FAKE,371,1920,1080,h264,2.71
921,FaceShifter/921_569.mp4,FAKE,296,1920,1080,h264,3.41
922,FaceShifter/922_898.mp4,FAKE,616,640,480,h264,1.08
923,FaceShifter/923_023.mp4,FAKE,602,1280,720,h264,3.92
924,FaceShifter/924_917.mp4,FAKE,1248,600,480,h264,1.88
925,FaceShifter/925_933.mp4,FAKE,356,1280,720,h264,1.31
926,FaceShifter/926_900.mp4,FAKE,333,640,480,h264,0.53
927,FaceShifter/927_912.mp4,FAKE,697,640,480,h264,0.87
928,FaceShifter/928_160.mp4,FAKE,376,1280,720,h264,1.75
929,FaceShifter/929_962.mp4,FAKE,462,656,480,h264,0.5
930,FaceShifter/930_763.mp4,FAKE,448,640,480,h264,1.45
931,FaceShifter/931_936.mp4,FAKE,319,640,480,h264,0.71
932,FaceShifter/932_384.mp4,FAKE,484,1280,720,h264,2.99
933,FaceShifter/933_925.mp4,FAKE,494,1280,720,h264,1.54
934,FaceShifter/934_918.mp4,FAKE,377,1280,720,h264,1.33
935,FaceShifter/935_733.mp4,FAKE,540,1920,1080,h264,5.6
936,FaceShifter/936_931.mp4,FAKE,297,656,480,h264,0.79
937,FaceShifter/937_888.mp4,FAKE,455,640,480,h264,1.04
938,FaceShifter/938_987.mp4,FAKE,369,640,480,h264,0.9
939,FaceShifter/939_115.mp4,FAKE,511,640,480,h264,0.5
940,FaceShifter/940_941.mp4,FAKE,309,640,480,h264,0.53
941,FaceShifter/941_940.mp4,FAKE,494,854,480,h264,0.82
942,FaceShifter/942_943.mp4,FAKE,495,1280,720,h264,2.07
943,FaceShifter/943_942.mp4,FAKE,470,1280,720,h264,1.21
944,FaceShifter/944_032.mp4,FAKE,342,720,480,h264,0.51
945,FaceShifter/945_044.mp4,FAKE,761,1280,720,h264,3.53
946,FaceShifter/946_049.mp4,FAKE,462,1280,720,h264,1.53
947,FaceShifter/947_951.mp4,FAKE,641,1280,720,h264,2.72
948,FaceShifter/948_965.mp4,FAKE,434,1920,1080,h264,5.12
949,FaceShifter/949_868.mp4,FAKE,686,640,480,h264,0.91
950,FaceShifter/950_836.mp4,FAKE,763,1920,1080,h264,7.43
951,FaceShifter/951_947.mp4,FAKE,1176,1280,720,h264,3.08
952,FaceShifter/952_882.mp4,FAKE,700,1280,720,h264,2.83
953,FaceShifter/953_974.mp4,FAKE,351,1280,720,h264,2.52
954,FaceShifter/954_976.mp4,FAKE,376,640,480,h264,0.78
955,FaceShifter/955_078.mp4,FAKE,531,640,480,h264,1.07
956,FaceShifter/956_958.mp4,FAKE,542,854,480,h264,1.13
957,FaceShifter/957_959.mp4,FAKE,418,1920,1080,h264,5.19
958,FaceShifter/958_956.mp4,FAKE,392,720,480,h264,1.11
959,FaceShifter/959_957.mp4,FAKE,482,1920,1080,h264,4.8
960,FaceShifter/960_999.mp4,FAKE,345,1280,720,h264,1.37
961,FaceShifter/961_069.mp4,FAKE,323,1280,720,h264,1.19
962,FaceShifter/962_929.mp4,FAKE,460,640,480,h264,0.5
963,FaceShifter/963_879.mp4,FAKE,692,854,480,h264,1.09
964,FaceShifter/964_174.mp4,FAKE,451,654,480,h264,0.8
965,FaceShifter/965_948.mp4,FAKE,348,1920,1080,h264,2.96
966,FaceShifter/966_988.mp4,FAKE,364,640,480,h264,0.81
967,FaceShifter/967_984.mp4,FAKE,412,1280,720,h264,1.7
968,FaceShifter/968_884.mp4,FAKE,300,1280,720,h264,1.31
969,FaceShifter/969_897.mp4,FAKE,356,656,480,h264,0.72
970,FaceShifter/970_973.mp4,FAKE,476,656,480,h264,0.7
971,FaceShifter/971_564.mp4,FAKE,354,1920,1080,h264,2.57
972,FaceShifter/972_718.mp4,FAKE,311,1920,1080,h264,4.28
973,FaceShifter/973_970.mp4,FAKE,533,600,480,h264,0.86
974,FaceShifter/974_953.mp4,FAKE,318,600,480,h264,0.59
975,FaceShifter/975_978.mp4,FAKE,304,1280,720,h264,0.97
976,FaceShifter/976_954.mp4,FAKE,328,854,480,h264,1.1
977,FaceShifter/977_075.mp4,FAKE,651,854,480,h264,1.44
978,FaceShifter/978_975.mp4,FAKE,757,1280,720,h264,3.24
979,FaceShifter/979_875.mp4,FAKE,335,1280,720,h264,1.15
980,FaceShifter/980_992.mp4,FAKE,383,656,480,h264,0.69
981,FaceShifter/981_985.mp4,FAKE,372,600,480,h264,0.66
982,FaceShifter/982_004.mp4,FAKE,845,854,480,h264,1.19
983,FaceShifter/983_113.mp4,FAKE,406,854,480,h264,0.72
984,FaceShifter/984_967.mp4,FAKE,339,1280,720,h264,1.33
985,FaceShifter/985_981.mp4,FAKE,343,640,480,h264,0.84
986,FaceShifter/986_994.mp4,FAKE,828,1280,720,h264,2.65
987,FaceShifter/987_938.mp4,FAKE,575,600,480,h264,0.86
988,FaceShifter/988_966.mp4,FAKE,455,600,480,h264,0.6
989,FaceShifter/989_993.mp4,FAKE,960,656,480,h264,2.23
990,FaceShifter/990_008.mp4,FAKE,305,854,480,h264,0.8
991,FaceShifter/991_064.mp4,FAKE,402,640,480,h264,0.45
992,FaceShifter/992_980.mp4,FAKE,718,600,480,h264,1.92
993,FaceShifter/993_989.mp4,FAKE,409,640,480,h264,1.14
994,FaceShifter/994_986.mp4,FAKE,316,640,480,h264,0.98
995,FaceShifter/995_233.mp4,FAKE,548,640,480,h264,0.79
996,FaceShifter/996_056.mp4,FAKE,312,720,480,h264,0.82
997,FaceShifter/997_040.mp4,FAKE,438,600,480,h264,1.0
998,FaceShifter/998_561.mp4,FAKE,344,1280,720,h264,1.58
999,FaceShifter/999_960.mp4,FAKE,335,640,480,h264,0.45
